key,subject,assessment,period-start-date,period-end-date,mark,link,correction,key:audit
auditing-record-01,esto es una prueba para el sujeto de una auditing record,esto es una prueba para el assessment de una auditing record,2022/6/25 15:00,2022/6/25 17:00,B,https://www.example.com,false,audit-01
auditing-record-02,"esto es una prueba para el sujeto de una auditing record, donde se comprueb","esto es una prueba para el assessment de una auditing record, donde se comprueba que se pueden poner",2022/6/25 15:00,2022/6/25 17:00,A_PLUS,https://www.example.com,false,audit-02
auditing-record-03,e,esto es una prueba para el assessment de una auditing record,2022/6/25 15:00,2022/6/25 17:00,B,https://www.example.com,false,audit-02
auditing-record-04,ahora pruebo con la ñ,esto es una prueba para el assessment de una auditing record,2022/6/25 15:00,2022/6/25 17:00,B,https://www.example.com,false,audit-02
auditing-record-05,esto es una prueba para el sujeto de una auditing record,"esto es una prueba para el assessment de una auditing record, donde se comprueba que se pueden poner",2022/6/25 15:00,2022/6/25 17:00,B,https://www.example.com,false,audit-01
auditing-record-06,esto es una prueba para el sujeto de una auditing record,e,2022/6/25 15:00,2022/6/25 17:00,B,https://www.example.com,false,audit-03
auditing-record-07,esto es una prueba para el sujeto de una auditing record,ahora pruebo con la ñ,2022/6/25 15:00,2022/6/25 17:00,B,https://www.example.com,false,audit-03
auditing-record-08,esto es una prueba para el sujeto de una auditing record,esto es una prueba para el assessment de una auditing record,2022/6/25 15:00,2022/6/25 16:00,B,https://www.example.com,false,audit-02
auditing-record-09,esto es una prueba para el sujeto de una auditing record,esto es una prueba para el assessment de una auditing record,2022/6/25 15:00,2022/6/25 17:00,B,null,false,audit-02
auditing-record-10,esto es una prueba para el sujeto de una auditing record,esto es una prueba para el assessment de una auditing record,2022/6/25 15:00,2022/6/25 17:00,B,null,true,audit-05
auditing-record-11,esto es una prueba para el sujeto de una auditing record,esto es una prueba para el assessment de una auditing record,2022/6/25 15:00,2022/6/25 17:00,B,https://www.example.com,true,audit-05
auditing-record-12,esto es una prueba de una auditing record,esto es una prueba para el assessment de una auditing record,2022/6/25 15:00,2022/6/25 17:00,F_MINUS,null,false,audit-04
auditing-record-13,esto es una prueba para el sujeto de una auditing record,esto es una prueba para el assessment de una auditing record,2022/6/25 15:00,2022/6/25 17:00,B,https://www.example.com,false,audit-04
auditing-record-14,esto es una prueba para el sujeto de una auditing record,esto es una prueba para el assessment de una auditing record,2022/6/25 15:00,2022/6/25 17:00,B,https://www.example.com,false,audit-04
auditing-record-15,esto es una prueba para el sujeto de una auditing record,esto es una prueba para el assessment de una auditing record,2022/6/25 15:00,2022/6/25 17:00,B,https://www.example.com,false,audit-03
auditing-record-16,esto es una prueba de una auditing record,esto es una prueba para el assessment de una auditing record,2022/6/25 15:00,2022/6/25 17:00,F_MINUS,null,true,audit-05
auditing-record-17,esto es una prueba de una auditing record,esto es una prueba para el assessment de una auditing record,2022/6/25 15:00,2022/6/25 17:00,F_MINUS,null,true,audit-10
auditing-record-18,esto es una prueba de una auditing record,esto es una prueba para el assessment de una auditing record,2022/6/25 15:00,2022/6/25 17:00,F_MINUS,null,true,audit-10
auditing-record-19,esto es una prueba de una auditing record,esto es una prueba para el assessment de una auditing record,2022/6/25 15:00,2022/6/25 17:00,F_MINUS,null,true,audit-11