key,firm,professional-id,certifications,link,key:userAccount
auditor-01,Esta es una firma normal,idprofesional1234124,"matematico, fisico",https://www.example.com,user-account-auditor-01
auditor-02,Esta es una firma de pruebas para el auditor numero 1 el cual tiene 75 cara,idprofesional1234124,"matematico, fisico",https://www.example.com,user-account-auditor-02
auditor-03,E,idprofesional1234124,"matematico, fisico",https://www.example.com,user-account-auditor-03
auditor-04,ahora pruebo con la ñ,idprofesional1234124,"matematico, fisico",https://www.example.com,user-account-auditor-04
auditor-05,Esta es una firma normal,i,"matematico, fisico",https://www.example.com,user-account-auditor-05
auditor-06,Esta es una firma normal,esto va con ñ,"matematico, fisico",https://www.example.com,user-account-auditor-06
auditor-07,Esta es una firma normal,idprofesional123412423213,"matematico, fisico, ingeniero mecanico, arquitecto, master en ciencias de la computacion, master en",https://www.example.com,user-account-auditor-07
auditor-08,Esta es una firma normal,idprofesional123412423213,m,https://www.example.com,user-account-auditor-08
auditor-09,Esta es una firma normal,idprofesional123412423213,ahora con ñ,https://www.example.com,user-account-auditor-09
auditor-10,Esta es una firma normal,idprofesional1234124,"matematico, fisico",https://www.example.com,user-account-auditor-10
auditor-11,Esta es una firma normal,idprofesional1234124,"m",https://www.example.com,user-account-auditor-11
auditor-12,Esta es una firma normal,idprofesional1234124,"matematico, fisico",null,user-account-auditor-12