key,instantiation-moment,title,author,message,email,link
note-01,2021/09/01 11:00,Note 1,Pedro Campos,This is my first offer,pedro@acme.com,null
note-02,2021/09/01 11:00,Esta es una nota larga que tiene 75 caracteres y cumple el limite maximo es,Pedro Campos,This is my first offer,pedro@acme.com,null
note-03,2021/09/01 11:00,N,Pedro Campos,This is my first offer,pedro@acme.com,null
note-04,2021/09/01 11:00,Note 1,P,This is my first offer,pedro@acme.com,null
note-05,2021/09/01 11:00,Note 1,Este es un autor muy largo de una nota que cubre los 75 caracteress maximos,This is my first offer,pedro@acme.com,null
note-06,2021/09/01 11:00,Note 1,Pedro Campos,T,pedro@acme.com,null
note-07,2021/09/01 11:00,Note 1,Pedro Campos,Este es un mensaje largo de 100 caracteres que puede ocupar como maximo en la base de datos un mensa,pedro@acme.com,null
note-08,2021/09/01 11:00,Note 1,Pedro Campos,This is my first offer,pedro@acme.com,https://guguel.com/
note-09,2021/09/01 11:00,Note 1,Pedro Campos,This is my first offer,pedro@acme.com,https://www.example.com/es/contenido/categoria/subcategoria/seccion
note-10,2021/09/01 11:00,Note 1,Pedro Campos,This is my first offer,pedro@acme.com,https://a.org/
note-11,2022/07/27 11:00,Note 1,"Pecam - Campos, Pedro",This is my first offer,pedro@acme.com,https://a.org/
