key,instantiation_moment,title,nick,message,email,link
peep-01,2020/03/14 11:00,First peep,Alex,This is my first peep,alex@acme.com,null
peep-02,2020/03/14 00:00,Second peep,Alex,This is my second peep,alex@acme.com,null
peep-03,2020/03/14 11:00,F,Alex,This is my first peep,alex@acme.com,null
peep-04,2020/03/14 11:00,Este mensaje tiene setenta y cinco caracteres se usa para validar mensajes.,Alex,This is my first peep,alex@acme.com,null
peep-05,2020/03/14 11:00,輛黃色拖拉機,Alex,This is my first peep,alex@acme.com,null
peep-06,2020/03/14 11:00,!@#$%&/()=?¿,Alex,This is my first peep,alex@acme.com,null
peep-07,2020/03/14 11:00,שלום פקק,Alex,This is my first peep,alex@acme.com,null
peep-08,2020/03/14 11:00,First peep,Alex,T,alex@acme.com,null
peep-09,2020/03/14 11:00,First peep,Alex,Este mensaje tiene cien caracteres usado para validar cadenas de cien caracteres de longitud maxima.,alex@acme.com,null
peep-10,2020/03/14 11:00,First peep,Alex,輛黃色拖拉機,alex@acme.com,null
peep-11,2020/03/14 11:00,First peep,Alex,!@#$%&/()=?¿,alex@acme.com,null
peep-12,2020/03/14 11:00,First peep,Alex,שלום פקק,alex@acme.com,null
peep-13,2020/03/14 11:00,First peep,Alex,This is my first peep,alex@acme.com,null
peep-14,2020/03/14 11:00,First peep,Alex,This is my first peep,alex@acme.com,null
peep-15,2020/03/14 11:00,First peep,Alex,This is my first peep,alex@acme.com,null
peep-16,2020/03/14 11:00,First peep,Alex,This is my first peep,alex@acme.com,null
peep-17,2020/03/14 11:00,First peep,Alex,This is my first peep,alex@acme.com,null
peep-18,2020/03/14 11:00,First peep,Alex,This is my first peep,alex@acme.com,null
peep-19,2020/03/14 11:00,First peep,Alex,This is my first peep,alex@acme.com,null
peep-20,2020/03/14 11:00,First peep,Alex,This is my first peep,alex@acme.com,null
peep-21,2020/03/14 11:00,First peep,Alex,This is my first peep,alex@acme.com,null
peep-22,2020/03/14 11:00,First peep,Alex,This is my first peep,alex@acme.com,null
